<?xml version="1.0" encoding="UTF-8"?>
<project-private xmlns="http://www.netbeans.org/ns/project-private/1">
    <editor-bookmarks xmlns="http://www.netbeans.org/ns/editor-bookmarks/2" lastBookmarkId="0"/>
    <open-files xmlns="http://www.netbeans.org/ns/projectui-open-files/2">
        <group>
            <file>file:/C:/Users/Akech/Documents/NetBeansProjects/libraryManagementV0.1/LibraryManagementSystem/src/librarymanagementsystem/graphics/introPage.jpg</file>
            <file>file:/C:/Users/Akech/Documents/NetBeansProjects/libraryManagementV0.1/LibraryManagementSystem/src/ConnectDB/ConnectionProvider.java</file>
            <file>file:/C:/Users/Akech/Documents/NetBeansProjects/libraryManagementV0.1/LibraryManagementSystem/src/librarymanagementsystem/newStudent.java</file>
            <file>file:/C:/Users/Akech/Documents/NetBeansProjects/libraryManagementV0.1/LibraryManagementSystem/src/librarymanagementsystem/LMSIntroPage.java</file>
        </group>
    </open-files>
</project-private>
